101,Accountants
102,Accountants and Auditors
103,Actors
104,Actuaries
105,Acupuncturists
106,Acute Care Nurses
107,Adapted Physical Education Specialists
108,Adjustment Clerks
109,"Administrative Law Judges, Adjudicators, and Hearing Officers"
110,Administrative Services Managers
111,"Adult Literacy, Remedial Education, and GED Teachers and Instructors"
112,Advanced Practice Psychiatric Nurses
113,Advertising and Promotions Managers
114,Advertising Sales Agents
115,Aerospace Engineering and Operations Technicians
116,Aerospace Engineers
117,"Agents and Business Managers of Artists, Performers, and Athletes"
118,Agricultural and Food Science Technicians
119,Agricultural Crop Farm Managers
120,Agricultural Engineers
121,Agricultural Equipment Operators
122,Agricultural Inspectors
123,"Agricultural Sciences Teachers, Postsecondary"
124,Agricultural Technicians
125,"Agricultural Workers, All Other"
126,Air Crew Members
127,Air Crew Officers
128,Air Traffic Controllers
129,Aircraft Body and Bonded Structure Repairers
130,Aircraft Cargo Handling Supervisors
131,Aircraft Engine Specialists
132,Aircraft Launch and Recovery Officers
133,Aircraft Launch and Recovery Specialists
134,Aircraft Mechanics and Service Technicians
135,Aircraft Rigging Assemblers
136,"Aircraft Structure Assemblers, Precision"
137,"Aircraft Structure, Surfaces, Rigging, and Systems Assemblers"
138,"Aircraft Systems Assemblers, Precision"
139,Airfield Operations Specialists
140,Airframe-and-Power-Plant Mechanics
141,"Airline Pilots, Copilots, and Flight Engineers"
142,Allergists and Immunologists
143,"Ambulance Drivers and Attendants, Except Emergency Medical Technicians"
144,Amusement and Recreation Attendants
145,Anesthesiologist Assistants
146,Anesthesiologists
147,Animal Breeders
148,Animal Control Workers
149,Animal Scientists
150,Animal Trainers
151,Anthropologists
152,Anthropologists and Archeologists
153,"Anthropology and Archeology Teachers, Postsecondary"
154,Appraisers and Assessors of Real Estate
155,"Appraisers, Real Estate"
156,Aquacultural Managers
157,Click here to find the perfect career 
158,"Arbitrators, Mediators, and Conciliators"
159,Archeologists
160,"Architects, Except Landscape and Naval"
161,Architectural and Civil Drafters
162,Architectural Drafters
163,"Architecture Teachers, Postsecondary"
164,Archivists
165,"Area, Ethnic, and Cultural Studies Teachers, Postsecondary"
166,Armored Assault Vehicle Crew Members
167,Armored Assault Vehicle Officers
168,Art Directors
169,Art Therapists
170,"Art, Drama, and Music Teachers, Postsecondary"
171,Artillery and Missile Crew Members
172,Artillery and Missile Officers
173,"Artists and Related Workers, All Other"
174,"Assemblers and Fabricators, All Other"
175,Assessors
176,Astronomers
177,Athletes and Sports Competitors
178,Athletic Trainers
179,Atmospheric and Space Scientists
180,"Atmospheric, Earth, Marine, and Space Sciences Teachers, Postsecondary"
181,Audio and Video Equipment Technicians
182,Audiologist
183,Audiologists
184,Audio-Visual Collections Specialists
185,Auditors
186,Automatic Teller Machine Servicers
187,Automotive Body and Related Repairers
188,Automotive Engineering Technicians
189,Automotive Engineers
190,Automotive Glass Installers and Repairers
191,Automotive Master Mechanics
192,Automotive Service Technicians and Mechanics
193,Automotive Specialty Technicians
194,"Auxiliary Equipment Operators, Power"
195,Aviation Inspectors
196,Avionics Technicians
197,Baggage Porters and Bellhops
198,Bailiffs
199,Bakers
200,"Bakers, Bread and Pastry"
201,"Bakers, Manufacturing"
202,Barbers
203,Baristas
204,Bartenders
205,Battery Repairers
206,"Bench Workers, Jewelry"
207,Bicycle Repairers
208,Bill and Account Collectors
209,Billing and Posting Clerks and Machine Operators
210,"Billing, Cost, and Rate Clerks"
211,"Billing, Posting, and Calculating Machine Operators"
212,Bindery Machine Operators and Tenders
213,Bindery Machine Setters and Set-Up Operators
214,Bindery Workers
215,Biochemical Engineers
216,Biochemists
217,Biochemists and Biophysicists
218,Biofuels Processing Technicians
219,Biofuels Production Managers
220,Biofuels/Biodiesel Technology and Product Development Managers
221,Bioinformatics Scientists
222,Bioinformatics Technicians
223,"Biological Science Teachers, Postsecondary"
224,"Biological Scientists, All Other"
225,Biological Technicians
226,Biologists
227,Biomass Plant Technicians
228,Biomass Power Plant Managers
229,Biomedical Engineers
230,Biophysicists
231,Biostatisticians
232,Boat Builders and Shipwrights
233,"Boiler Operators and Tenders, Low Pressure"
234,Boilermakers
235,Bookbinders
236,"Bookkeeping, Accounting, and Auditing Clerks"
237,Brattice Builders
238,Brazers
239,Brickmasons and Blockmasons
240,Bridge and Lock Tenders
241,Broadcast News Analysts
242,Broadcast Technicians
243,Brokerage Clerks
244,Brownfield Redevelopment Specialists and Site Managers
245,Budget Analysts
246,Buffing and Polishing Set-Up Operators
247,"Building Cleaning Workers, All Other"
248,Bus and Truck Mechanics and Diesel Engine Specialists
249,"Bus Drivers, School"
250,"Bus Drivers, Transit and Intercity"
251,Business Continuity Planners
252,Business Intelligence Analysts
253,"Business Operations Specialists, All Other"
254,"Business Teachers, Postsecondary"
255,Butchers and Meat Cutters
256,Cabinetmakers and Bench Carpenters
257,Calibration and Instrumentation Technicians
258,Camera and Photographic Equipment Repairers
259,Camera Operators
260,"Camera Operators, Television, Video, and Motion Picture"
261,"Captains, Mates, and Pilots of Water Vessels"
262,Caption Writers
263,Cardiovascular Technologists and Technicians
264,Cargo and Freight Agents
265,Carpenter Assemblers and Repairers
266,Carpenters
267,Carpet Installers
268,Cartographers and Photogrammetrists
269,Cartoonists
270,Cashiers
271,Casting Machine Set-Up Operators
272,Ceiling Tile Installers
273,Cement Masons and Concrete Finishers
274,Cementing and Gluing Machine Operators and Tenders
275,Central Office and PBX Installers and Repairers
276,Central Office Operators
277,Chefs and Head Cooks
278,Chemical Engineers
279,Chemical Equipment Controllers and Operators
280,Chemical Equipment Operators and Tenders
281,Chemical Equipment Tenders
282,Chemical Plant and System Operators
283,Chemical Technicians
284,"Chemistry Teachers, Postsecondary"
285,Chemists
286,Chief Executives
287,Chief Sustainability Officers
288,Child Care Workers
289,"Child Support, Missing Persons, and Unemployment Insurance Fraud Investigators"
290,"Child, Family, and School Social Workers"
291,Chiropractors
292,Choreographers
293,City Planning Aides
294,Civil Drafters
295,Civil Engineering Technicians
296,Civil Engineers
297,"Claims Adjusters, Examiners, and Investigators"
298,"Claims Examiners, Property and Casualty Insurance"
299,Click here for Careers that match your Personality 
300,"Claims Takers, Unemployment Benefits"
301,Cleaners of Vehicles and Equipment
302,"Cleaning, Washing, and Metal Pickling Equipment Operators and Tenders"
303,Clergy
304,Climate Change Analysts
305,Clinical Data Managers
306,Clinical Nurse Specialists
307,Clinical Psychologists
308,Clinical Research Coordinators
309,"Clinical, Counseling, and School Psychologists"
310,Coaches and Scouts
311,"Coating, Painting, and Spraying Machine Operators and Tenders"
312,"Coating, Painting, and Spraying Machine Setters and Set-Up Operators"
313,"Coating, Painting, and Spraying Machine Setters, Operators, and Tenders"
314,"Coil Winders, Tapers, and Finishers"
315,"Coin, Vending, and Amusement Machine Servicers and Repairers"
316,"Combination Machine Tool Operators and Tenders, Metal and Plastic"
317,"Combination Machine Tool Setters and Set-Up Operators, Metal and Plastic"
318,"Combined Food Preparation and Serving Workers, Including Fast Food"
319,Command and Control Center Officers
320,Command and Control Center Specialists
321,Commercial and Industrial Designers
322,Commercial Divers
323,Commercial Pilots
324,"Communication Equipment Mechanics, Installers, and Repairers"
325,"Communications Equipment Operators, All Other"
326,"Communications Teachers, Postsecondary"
327,"Community and Social Service Specialists, All Other"
328,Community Health Workers
329,Compensation and Benefits Managers
330,Compensation and Benefits Managers
331,"Compensation, Benefits, and Job Analysis Specialist"
332,"Compensation, Benefits, and Job Analysis Specialists"
333,Compliance Managers
334,"Compliance Officers, Except Agriculture, Construction, Health and Safety, and Transportation"
335,Composers
336,Computer and Information Research Scientists
337,"Computer and Information Scientists, Research"
338,Computer and Information Systems Managers
339,Computer Hardware Engineers
340,Computer Network Architects
341,Computer Network Support Specialists
342,Computer Operators
343,Computer Programmer
344,Computer Programmers
345,"Computer Science Teachers, Postsecondary"
346,Computer Security Specialists
347,"Computer Software Engineers, Applications"
348,"Computer Software Engineers, Systems Software"
349,"Computer Specialists, All Other"
350,Computer Support Specialists
351,Computer Systems Analyst
352,Computer Systems Analysts
353,Computer Systems Engineers/Architects
354,Computer User Support Specialists
355,"Computer, Automated Teller, and Office Machine Repairers"
356,"Computer-Controlled Machine Tool Operators, Metal and Plastic"
357,Concierges
358,Conservation Scientists
359,Construction and Building Inspectors
360,"Construction and Related Workers, All Other"
361,Construction Carpenters
362,Construction Drillers
363,Construction Laborers
364,Construction Managers
365,Continuous Mining Machine Operators
366,"Control and Valve Installers and Repairers, Except Mechanical Door"
367,Conveyor Operators and Tenders
368,"Cooks, All Other"
369,"Cooks, Fast Food"
370,"Cooks, Institution and Cafeteria"
371,"Cooks, Private Household"
372,"Cooks, Restaurant"
373,"Cooks, Short Order"
374,Cooling and Freezing Equipment Operators and Tenders
375,Copy Writers
376,Coroners
377,Correctional Officers and Jailers
378,Correspondence Clerks
379,Cost Estimators
380,Costume Attendants
381,Counseling Psychologists
382,"Counselors, All Other"
383,Counter and Rental Clerks
384,"Counter Attendants, Cafeteria, Food Concession, and Coffee Shop"
385,Couriers and Messengers
386,Court Clerks
387,Court Reporters
388,"Court, Municipal, and License Clerks"
389,Craft Artists
390,Crane and Tower Operators
391,Creative Writers
392,Credit Analysts
393,Credit Authorizers
394,"Credit Authorizers, Checkers, and Clerks"
395,Credit Checkers
396,Criminal Investigators and Special Agents
397,"Criminal Justice and Law Enforcement Teachers, Postsecondary"
398,Critical Care Nurses
399,Crossing Guards
400,"Crushing, Grinding, and Polishing Machine Setters, Operators, and Tenders"
401,Click here for Careers that match your Personality 
402,Curators
403,Custom Tailors
404,Customer Service Representatives
405,"Customer Service Representatives, Utilities"
406,Customs Brokers
407,"Cutters and Trimmers, Hand"
408,Cutting and Slicing Machine Operators and Tenders
409,"Cutting and Slicing Machine Setters, Operators, and Tenders"
410,"Cutting, Punching, and Press Machine Setters, Operators, and Tenders, Metal and Plastic"
411,Cytogenetic Technologists
412,Cytotechnologists
413,Dancers
414,Data Entry Keyers
415,Data Processing Equipment Repairers
416,Data Warehousing Specialists
417,Database Administrator
418,Database Administrators
419,Database Architects
420,Demonstrators and Product Promoters
421,Dental Assistants
422,Dental Hygienists
423,Dental Laboratory Technicians
424,"Dentists, All Other Specialists"
425,"Dentists, General"
426,Dermatologists
427,"Derrick Operators, Oil and Gas"
428,Design Printing Machine Setters and Set-Up Operators
429,"Designers, All Other"
430,Desktop Publishers
431,Detectives and Criminal Investigators
432,Diagnostic Medical Sonographers
433,Dietetic Technicians
434,Dietitians and Nutritionists
435,Dining Room and Cafeteria Attendants and Bartender Helpers
436,"Directors- Stage, Motion Pictures, Television, and Radio"
437,"Directors, Religious Activities and Education"
438,Directory Assistance Operators
439,Dishwashers
440,"Dispatchers, Except Police, Fire, and Ambulance"
441,Distance Learning Coordinators
442,Document Management Specialists
443,"Door-To-Door Sales Workers, News and Street Vendors, and Related Workers"
444,Dot Etchers
445,"Drafters, All Other"
446,Dragline Operators
447,Dredge Operators
448,"Drilling and Boring Machine Tool Setters, Operators, and Tenders, Metal and Plastic"
449,Driver-Sales Workers
450,Drywall and Ceiling Tile Installers
451,Drywall Installers
452,Duplicating Machine Operators
453,"Earth Drillers, Except Oil and Gas"
454,"Economics Teachers, Postsecondary"
455,Economists
456,Editors
457,"Education Administrators, All Other"
458,"Education Administrators, Elementary and Secondary School"
459,"Education Administrators, Postsecondary"
460,"Education Administrators, Preschool and Child Care Center--Program"
461,"Education Teachers, Postsecondary"
462,"Education, Training, and Library Workers, All Other"
463,Educational Psychologists
464,"Educational, Vocational, and School Counselors"
465,Electric Home Appliance and Power Tool Repairers
466,Electric Meter Installers and Repairers
467,Electric Motor and Switch Assemblers and Repairers
468,"Electric Motor, Power Tool, and Related Repairers"
469,Electrical and Electronic Engineering Technicians
470,Electrical and Electronic Equipment Assemblers
471,Electrical and Electronic Inspectors and Testers
472,Electrical and Electronics Drafters
473,"Electrical and Electronics Installers and Repairers, Transportation Equipment"
474,"Electrical and Electronics Repairers, Commercial and Industrial Equipment"
475,"Electrical and Electronics Repairers, Powerhouse, Substation, and Relay"
476,Electrical Drafters
477,Electrical Engineering Technicians
478,Electrical Engineering Technologists
479,Electrical Engineers
480,Electrical Parts Reconditioners
481,Electrical Power-Line Installers and Repairers
482,Electricians
483,"Electrolytic Plating and Coating Machine Operators and Tenders, Metal and Plastic"
484,"Electrolytic Plating and Coating Machine Setters and Set-Up Operators, Metal and Plastic"
485,Electromechanical Engineering Technologists
486,Electromechanical Equipment Assemblers
487,Electro-Mechanical Technicians
488,Electronic Drafters
489,"Electronic Equipment Installers and Repairers, Motor Vehicles"
490,Electronic Home Entertainment Equipment Installers and Repairers
491,Electronic Masking System Operators
492,Electronics Engineering Technicians
493,Electronics Engineering Technologists
494,"Electronics Engineers, Except Computer"
495,Electrotypers and Stereotypers
496,"Elementary School Teachers, Except Special Education"
497,Elevator Installers and Repairers
498,"Eligibility Interviewers, Government Programs"
499,Embalmers
500,Embossing Machine Set-Up Operators
501,Emergency Management Directors
502,Click here for Careers that match your Personality 
503,Emergency Management Specialists
504,Emergency Medical Technicians and Paramedics
505,"Employment Interviewers, Private or Public Employment Service"
506,"Employment, Recruitment, and Placement Specialists"
507,Endoscopy Technicians
508,Energy Auditors
509,Energy Brokers
510,Energy Engineers
511,Engine and Other Machine Assemblers
512,Engineering Managers
513,"Engineering Teachers, Postsecondary"
514,"Engineering Technicians, Except Drafters, All Other"
515,"Engineers, All Other"
516,"English Language and Literature Teachers, Postsecondary"
517,Engraver Set-Up Operators
518,"Engravers, Hand"
519,Engravers--Carvers
520,"Entertainers and Performers, Sports and Related Workers, All Other"
521,"Entertainment Attendants and Related Workers, All Other"
522,Environmental Compliance Inspectors
523,Environmental Economists
524,Environmental Engineering Technicians
525,Environmental Engineers
526,Environmental Restoration Planners
527,"Environmental Science and Protection Technicians, Including Health"
528,"Environmental Science Teachers, Postsecondary"
529,"Environmental Scientists and Specialists, Including Health"
530,Epidemiologists
531,Equal Opportunity Representatives and Officers
532,Etchers
533,Etchers and Engravers
534,"Etchers, Hand"
535,Excavating and Loading Machine and Dragline Operators
536,Excavating and Loading Machine Operators
537,Executive Secretaries and Administrative Assistants
538,Exercise Physiologists
539,Exhibit Designers
540,"Explosives Workers, Ordnance Handling Experts, and Blasters"
541,"Extraction Workers, All Other"
542,"Extruding and Drawing Machine Setters, Operators, and Tenders, Metal and Plastic"
543,"Extruding and Forming Machine Operators and Tenders, Synthetic or Glass Fibers"
544,"Extruding and Forming Machine Setters, Operators, and Tenders, Synthetic and Glass Fibers"
545,"Extruding, Forming, Pressing, and Compacting Machine Operators and Tenders"
546,"Extruding, Forming, Pressing, and Compacting Machine Setters and Set-Up Operators"
547,"Extruding, Forming, Pressing, and Compacting Machine Setters, Operators, and Tenders"
548,Fabric and Apparel Patternmakers
549,"Fabric Menders, Except Garment"
550,Fallers
551,Family and General Practitioners
552,Farm and Home Management Advisors
553,Farm and Ranch Managers
554,Farm Equipment Mechanics
555,Farm Labor Contractor
556,Farm Labor Contractors
557,"Farm, Ranch, and Other Agricultural Managers"
558,Farmers and Ranchers
559,"Farmworkers and Laborers, Crop, Nursery, and Greenhouse"
560,"Farmworkers, Farm and Ranch Animals"
561,Fashion Designers
562,Fence Erectors
563,Fiber Product Cutting Machine Setters and Set-Up Operators
564,Fiberglass Laminators and Fabricators
565,File Clerks
566,Film and Video Editors
567,Film Laboratory Technicians
568,Financial Analysts
569,Financial Examiners
570,Financial Managers
571,"Financial Managers, Branch or Department"
572,Financial Quantitative Analysts
573,"Financial Specialists, All Other"
574,"Fine Artists, Including Painters, Sculptors, and Illustrators"
575,Fire Fighters
576,Fire Inspectors
577,Fire Inspectors and Investigators
578,Fire Investigators
579,Fire-Prevention and Protection Engineers
580,First-Line Supervisors and Manager-Supervisors - Agricultural Crop Workers
581,"First-Line Supervisors and Manager-Supervisors - Animal Care Workers, Except Livestock"
582,First-Line Supervisors and Manager-Supervisors - Animal Husbandry Workers
583,First-Line Supervisors and Manager-Supervisors - Fishery Workers
584,First-Line Supervisors and Manager-Supervisors - Horticultural Workers
585,First-Line Supervisors and Manager-Supervisors - Landscaping Workers
586,First-Line Supervisors and Manager-Supervisors - Logging Workers
587,First-Line Supervisors and Manager-Supervisors- Construction Trades Workers
588,First-Line Supervisors and Manager-Supervisors- Extractive Workers
589,First-Line Supervisors of Agricultural Crop and Horticultural Workers
590,First-Line Supervisors of Animal Husbandry and Animal Care Workers
591,"First-Line Supervisors, Administrative Support"
592,"First-Line Supervisors, Customer Service"
593,First-Line Supervisors-Managers of Air Crew Members
594,First-Line Supervisors-Managers of All Other Tactical Operations Specialists
595,First-Line Supervisors-Managers of Construction Trades and Extraction Workers
596,First-Line Supervisors-Managers of Correctional Officers
597,"First-Line Supervisors-Managers of Farming, Fishing, and Forestry Workers"
598,First-Line Supervisors-Managers of Fire Fighting and Prevention Workers
599,First-Line Supervisors-Managers of Food Preparation and Serving Workers
600,"First-Line Supervisors-Managers of Helpers, Laborers, and Material Movers, Hand"
601,First-Line Supervisors-Managers of Housekeeping and Janitorial Workers
602,"First-Line Supervisors-Managers of Landscaping, Lawn Service, and Groundskeeping Workers"
603,Click here for Careers that match your Personality 
604,"First-Line Supervisors-Managers of Mechanics, Installers, and Repairers"
605,First-Line Supervisors-Managers of Non-Retail Sales Workers
606,First-Line Supervisors-Managers of Office and Administrative Support Workers
607,First-Line Supervisors-Managers of Personal Service Workers
608,First-Line Supervisors-Managers of Police and Detectives
609,First-Line Supervisors-Managers of Production and Operating Workers
610,First-Line Supervisors-Managers of Retail Sales Workers
611,First-Line Supervisors-Managers of Transportation and Material-Moving Machine and Vehicle Operators
612,First-Line Supervisors-Managers of Weapons Specialists--Crew Members
613,"First-Line Supervisors-Managers, Protective Service Workers, All Other"
614,Fish and Game Wardens
615,Fish Hatchery Managers
616,Fishers and Related Fishing Workers
617,Fitness and Wellness Coordinators
618,Fitness Trainers and Aerobics Instructors
619,"Fitters, Structural Metal- Precision"
620,Flight Attendant
621,Flight Attendants
622,"Floor Layers, Except Carpet, Wood, and Hard Tiles"
623,Floor Sanders and Finishers
624,Floral Designers
625,"Food and Tobacco Roasting, Baking, and Drying Machine Operators and Tenders"
626,Food Batchmakers
627,Food Cooking Machine Operators and Tenders
628,"Food Preparation and Serving Related Workers, All Other"
629,Food Preparation Workers
630,Food Science Technicians
631,Food Scientists and Technologists
632,"Food Servers, Nonrestaurant"
633,Food Service Managers
634,"Foreign Language and Literature Teachers, Postsecondary"
635,Forensic Science Technicians
636,Forest and Conservation Technicians
637,Forest and Conservation Workers
638,Forest Fire Fighters
639,Forest Fire Fighting and Prevention Supervisors
640,Forest Fire Inspectors and Prevention Specialists
641,Foresters
642,"Forestry and Conservation Science Teachers, Postsecondary"
643,"Forging Machine Setters, Operators, and Tenders, Metal and Plastic"
644,Foundry Mold and Coremakers
645,"Frame Wirers, Central Office"
646,"Fraud Examiners, Investigators and Analysts"
647,Freight and Cargo Inspectors
648,Freight Forwarders
649,Freight Inspectors
650,"Freight, Stock, and Material Movers, Hand"
651,Fuel Cell Engineers
652,Fuel Cell Technicians
653,Fundraisers
654,Funeral Attendants
655,Funeral Directors
656,"Furnace, Kiln, Oven, Drier, and Kettle Operators and Tenders"
657,Furniture Finishers
658,Gaming and Sports Book Writers and Runners
659,Gaming Cage Workers
660,Gaming Change Persons and Booth Cashiers
661,Gaming Dealers
662,Gaming Managers
663,"Gaming Service Workers, All Other"
664,Gaming Supervisors
665,Gaming Surveillance Officers and Gaming Investigators
666,Gas Appliance Repairers
667,Gas Compressor and Gas Pumping Station Operators
668,Gas Compressor Operators
669,Gas Distribution Plant Operators
670,Gas Plant Operators
671,Gas Processing Plant Operators
672,Gas Pumping Station Operators
673,Gaugers
674,Gem and Diamond Workers
675,General and Operations Managers
676,General Farmworkers
677,Genetic Counselors
678,Geneticists
679,Geodetic Surveyors
680,Geographers
681,Geographic Information Systems Technicians
682,"Geography Teachers, Postsecondary"
683,Geological and Petroleum Technicians
684,Geological Data Technicians
685,Geological Sample Test Technicians
686,Geologists
687,"Geoscientists, Except Hydrologists and Geographers"
688,Geospatial Information Scientists and Technologists
689,Geothermal Production Managers
690,Geothermal Technicians
691,"Glass Blowers, Molders, Benders, and Finishers"
692,Glass Cutting Machine Setters and Set-Up Operators
693,Glaziers
694,Government Property Inspectors and Investigators
695,Government Service Executives
696,"Grader, Bulldozer, and Scraper Operators"
697,"Graders and Sorters, Agricultural Products"
698,Graduate Teaching Assistants
699,Graphic Designers
700,Green Marketers
701,"Grinding and Polishing Workers, Hand"
702,"Grinding, Honing, Lapping, and Deburring Machine Set-Up Operators"
703,"Grinding, Lapping, Polishing, and Buffing Machine Tool Setters, Operators, and Tenders, Metal and Plastic"
704,Click here for Careers that match your Personality 
705,"Grips and Set-Up Workers, Motion Picture Sets, Studios, and Stages"
706,"Grounds Maintenance Workers, All Other"
707,"Hairdressers, Hairstylists, and Cosmetologists"
708,Hand and Portable Power Tool Repairers
709,Hand Compositors and Typesetters
710,Hazardous Materials Removal Workers
711,"Health and Safety Engineers, Except Mining Safety Engineers and Inspectors"
712,"Health Diagnosing and Treating Practitioners, All Other"
713,Health Educators
714,"Health Specialties Teachers, Postsecondary"
715,"Health Technologists and Technicians, All Other"
716,"Healthcare Practitioners and Technical Workers, All Other"
717,"Healthcare Support Workers, All Other"
718,Hearing Aid Specialists
719,"Heat Treating Equipment Setters, Operators, and Tenders, Metal and Plastic"
720,"Heat Treating, Annealing, and Tempering Machine Operators and Tenders, Metal and Plastic"
721,"Heaters, Metal and Plastic"
722,Heating and Air Conditioning Mechanics
723,"Heating Equipment Setters and Set-Up Operators, Metal and Plastic"
724,"Heating, Air Conditioning, and Refrigeration Mechanics and Installers"
725,"Helpers, Construction Trades, All Other"
726,"Helpers--Brickmasons, Blockmasons, Stonemasons, and Tile and Marble Setters"
727,Helpers--Carpenters
728,Helpers--Electricians
729,Helpers--Extraction Workers
730,"Helpers--Installation, Maintenance, and Repair Workers"
731,"Helpers--Painters, Paperhangers, Plasterers, and Stucco Masons"
732,"Helpers--Pipelayers, Plumbers, Pipefitters, and Steamfitters"
733,Helpers--Production Workers
734,Helpers--Roofers
735,Highway Maintenance Workers
736,Highway Patrol Pilots
737,Historians
738,"History Teachers, Postsecondary"
739,Histotechnologists and Histologic Technicians
740,Hoist and Winch Operators
741,Home Appliance Installers
742,Home Appliance Repairers
743,"Home Economics Teachers, Postsecondary"
744,Home Health Aides
745,Hospitalists
746,"Hosts and Hostesses, Restaurant, Lounge, and Coffee Shop"
747,"Hotel, Motel, and Resort Desk Clerks"
748,Housekeeping Supervisors
749,Human Factors Engineers and Ergonomists
750,"Human Resources Assistants, Except Payroll and Timekeeping"
751,Human Resources Manager
752,Human Resources Managers
753,"Human Resources Managers, All Other"
754,"Human Resources, Training, and Labor Relations Specialists, All Other"
755,Hunters and Trappers
756,Hydroelectric Plant Technicians
757,Hydroelectric Production Managers
758,Hydrologists
759,Immigration and Customs Inspectors
760,Industrial Ecologists
761,Industrial Engineering Technicians
762,Industrial Engineering Technologists
763,Industrial Engineers
764,Industrial Machinery Mechanics
765,Industrial Production Managers
766,Industrial Safety and Health Engineers
767,Industrial Truck and Tractor Operators
768,Industrial-Organizational Psychologists
769,Infantry
770,Infantry Officers
771,Informatics Nurse Specialists
772,"Information and Record Clerks, All Other"
773,Information Security Analysts
774,Information Technology Project Managers
775,"Inspectors, Testers, Sorters, Samplers, and Weighers"
776,"Installation, Maintenance, and Repair Workers, All Other"
777,Instructional Coordinators
778,Instructional Designers and Technologists
779,"Insulation Workers, Floor, Ceiling, and Wall"
780,"Insulation Workers, Mechanical"
781,"Insurance Adjusters, Examiners, and Investigators"
782,"Insurance Appraisers, Auto Damage"
783,Insurance Claims and Policy Processing Clerks
784,Insurance Claims Clerks
785,Insurance Policy Processing Clerks
786,Insurance Sales Agents
787,Insurance Underwriters
788,Intelligence Analysts
789,Interior Designers
790,"Internists, General"
791,Interpreters and Translators
792,"Interviewers, Except Eligibility and Loan"
793,Investment Fund Managers
794,Investment Underwriters
795,Irradiated-Fuel Handlers
796,Janitorial Supervisors
797,"Janitors and Cleaners, Except Maids and Housekeeping Cleaners"
798,Jewelers
799,Jewelers and Precious Stone and Metal Workers
800,Job Printers
801,"Judges, Magistrate Judges, and Magistrates"
802,Judicial Law Clerks
803,Keyboard Instrument Repairers and Tuners
804,"Kindergarten Teachers, Except Special Education"
805,Click here for Careers that match your Personality 
806,Labor Relations Specialists
807,"Laborers and Freight, Stock, and Material Movers, Hand"
808,Landscape Architects
809,Landscaping and Groundskeeping Workers
810,"Lathe and Turning Machine Tool Setters, Operators, and Tenders, Metal and Plastic"
811,"Laundry and Drycleaning Machine Operators and Tenders, Except Pressing"
812,Laundry and Dry-Cleaning Workers
813,Law Clerks
814,"Law Teachers, Postsecondary"
815,Lawn Service Managers
816,Lawyers
817,"Lay-Out Workers, Metal and Plastic"
818,Legal Secretaries
819,"Legal Support Workers, All Other"
820,Legislators
821,Letterpress Setters and Set-Up Operators
822,Librarians
823,"Library Assistants, Clerical"
824,"Library Science Teachers, Postsecondary"
825,Library Technicians
826,License Clerks
827,Licensed Practical and Licensed Vocational Nurses
828,Licensing Examiners and Inspectors
829,"Life Scientists, All Other"
830,"Life, Physical, and Social Science Technicians, All Other"
831,"Lifeguards, Ski Patrol, and Other Recreational Protective Service Workers"
832,"Loading Machine Operators, Underground Mining"
833,Loan Counselor
834,Loan Counselors
835,Loan Interviewers and Clerks
836,Loan Officers
837,"Locker Room, Coatroom, and Dressing Room Attendants"
838,Locksmiths and Safe Repairers
839,Locomotive Engineers
840,Locomotive Firers
841,Lodging Managers
842,Log Graders and Scalers
843,Logging Equipment Operators
844,Logging Tractor Operators
845,"Logging Workers, All Other"
846,Logisticians
847,Logistics Analysts
848,Logistics Engineers
849,Logistics Managers
850,Loss Prevention Managers
851,"Low Vision Therapists, Orientation and Mobility Specialists, and Vision Rehabilitation Therapists"
852,Machine Feeders and Offbearers
853,Machinists
854,Magnetic Resonance Imaging Technologists
855,Maids and Housekeeping Cleaners
856,"Mail Clerks and Mail Machine Operators, Except Postal Service"
857,"Mail Clerks, Except Mail Machine Operators and Postal Service"
858,"Mail Machine Operators, Preparation and Handling"
859,Maintenance and Repair Worker
860,"Maintenance and Repair Workers, General"
861,"Maintenance Workers, Machinery"
862,"Makeup Artists, Theatrical and Performance"
863,Management Analysts
864,"Managers, All Other"
865,Manicurists and Pedicurists
866,Manufactured Building and Mobile Home Installers
867,Manufacturing Engineering Technologists
868,Manufacturing Engineers
869,Manufacturing Production Technicians
870,Mapping Technicians
871,Marine Architects
872,Marine Cargo Inspectors
873,Marine Engineers
874,Marine Engineers and Naval Architects
875,Market Research Analysts
876,Market Research Analysts and Marketing Specialists
877,Marketing Managers
878,Marking and Identification Printing Machine Setters and Set-Up Operators
879,Marking Clerks
880,Marriage and Family Therapists
881,Massage Therapists
882,"Material Moving Workers, All Other"
883,Materials Engineers
884,Materials Inspectors
885,Materials Scientists
886,"Mates- Ship, Boat, and Barge"
887,"Mathematical Science Occupations, All Other"
888,"Mathematical Science Teachers, Postsecondary"
889,Mathematical Technicians
890,Mathematicians
891,"Meat, Poultry, and Fish Cutters and Trimmers"
892,Mechanical Door Repairers
893,Mechanical Drafters
894,Mechanical Engineering Technicians
895,Mechanical Engineering Technologists
896,Mechanical Engineers
897,Mechanical Inspectors
898,Mechatronics Engineers
899,"Media and Communication Equipment Workers, All Other"
900,"Media and Communication Workers, All Other"
901,Medical and Clinical Laboratory Technicians
902,Medical and Clinical Laboratory Technologists
903,Medical and Health Services Managers
904,Medical and Public Health Social Workers
905,Medical Appliance Technicians
906,Click here for Careers that match your Personality 
907,Medical Assistants
908,Medical Equipment Preparers
909,Medical Equipment Repairers
910,Medical Records and Health Information Technicians
911,"Medical Scientists, Except Epidemiologists"
912,Medical Secretaries
913,Medical Transcriptionists
914,Meeting and Convention Planners
915,Mental Health and Substance Abuse Social Workers
916,Mental Health Counselors
917,Merchandise Displayers and Window Trimmers
918,"Metal Fabricators, Structural Metal Products"
919,"Metal Molding, Coremaking, and Casting Machine Operators and Tenders"
920,"Metal Molding, Coremaking, and Casting Machine Setters and Set-Up Operators"
921,"Metal Workers and Plastic Workers, All Other"
922,Metal-Refining Furnace Operators and Tenders
923,Meter Mechanics
924,"Meter Readers, Utilities"
925,Methane Landfill Gas Generation System Technicians
926,Methane/Landfill Gas Collection System Operators
927,Microbiologists
928,Microsystems Engineers
929,"Middle School Teachers, Except Special and Vocational Education"
930,Midwives
931,"Military Enlisted Tactical Operations and Air--Weapons Specialists and Crew Members, All Other"
932,"Military Officer Special and Tactical Operations Leaders--Managers, All Other"
933,"Milling and Planing Machine Setters, Operators, and Tenders, Metal and Plastic"
934,Millwrights
935,Mine Cutting and Channeling Machine Operators
936,"Mining and Geological Engineers, Including Mining Safety Engineers"
937,"Mining Machine Operators, All Other"
938,"Mixing and Blending Machine Setters, Operators, and Tenders"
939,"Mobile Heavy Equipment Mechanics, Except Engines"
940,"Model and Mold Makers, Jewelry"
941,"Model Makers, Metal and Plastic"
942,"Model Makers, Wood"
943,Models
944,"Mold Makers, Hand"
945,"Molders, Shapers, and Casters, Except Metal and Plastic"
946,Molding and Casting Workers
947,"Molding, Coremaking, and Casting Machine Setters, Operators, and Tenders, Metal and Plastic"
948,Molecular and Cellular Biologists
949,"Morticians, Undertakers, and Funeral Directors"
950,Motion Picture Projectionists
951,Motor Vehicle Inspectors
952,"Motor Vehicle Operators, All Other"
953,Motorboat Mechanics
954,Motorboat Operators
955,Motorcycle Mechanics
956,Multi-Media Artists and Animators
957,"Multiple Machine Tool Setters, Operators, and Tenders, Metal and Plastic"
958,Municipal Clerks
959,Municipal Fire Fighters
960,Municipal Fire Fighting and Prevention Supervisors
961,Museum Technicians and Conservators
962,Music Arrangers and Orchestrators
963,Music Composers and Arrangers
964,Music Directors
965,Music Directors and Composers
966,Music Therapists
967,Musical Instrument Repairers and Tuners
968,Musicians and Singers
969,"Musicians, Instrumental"
970,Nannies
971,Nanosystems Engineers
972,Nanotechnology Engineering Technicians
973,Nanotechnology Engineering Technologists
974,Natural Sciences Managers
975,Naturopathic Physicians
976,Network and Computer Systems Administrator
977,Network and Computer Systems Administrators
978,Network Systems and Data Communications Analysts
979,Neurodiagnostic Technologists
980,Neurologists
981,Neuropsychologists and Clinical Neuropsychologists
982,New Accounts Clerks
983,Non-Destructive Testing Specialists
984,"Nonelectrolytic Plating and Coating Machine Operators and Tenders, Metal and Plastic"
985,"Nonelectrolytic Plating and Coating Machine Setters and Set-Up Operators, Metal and Plastic"
986,Nonfarm Animal Caretakers
987,Nuclear Engineers
988,Nuclear Equipment Operation Technicians
989,Nuclear Medicine Physicians
990,Nuclear Medicine Technologists
991,Nuclear Monitoring Technicians
992,Nuclear Power Reactor Operators
993,Nuclear Technicians
994,"Numerical Control Machine Tool Operators and Tenders, Metal and Plastic"
995,Numerical Tool and Process Control Programmers
996,Nurse Anesthetists
997,Nurse Midwives
998,Nurse Practitioners
999,Nursery and Greenhouse Manager
1000,Nursery and Greenhouse Managers
1001,Nursery Workers
1002,"Nursing Aides, Orderlies, and Attendants"
1003,Nursing Assistants
1004,"Nursing Instructors and Teachers, Postsecondary"
1005,Obstetricians and Gynecologists
1006,Occupational Health and Safety Specialists
1007,Click here for Careers that match your Personality 
1008,Occupational Health and Safety Technicians
1009,Occupational Therapist Aides
1010,Occupational Therapist Assistants
1011,Occupational Therapists
1012,"Office and Administrative Support Workers, All Other"
1013,"Office Clerks, General"
1014,Office Machine and Cash Register Servicers
1015,"Office Machine Operators, Except Computer"
1016,Offset Lithographic Press Setters and Set-Up Operators
1017,Online Merchants
1018,Operating Engineers
1019,Operating Engineers and Other Construction Equipment Operators
1020,Operations Research Analysts
1021,Ophthalmic Laboratory Technicians
1022,Ophthalmic Medical Technicians
1023,Ophthalmic Medical Technologists
1024,Ophthalmologists
1025,Optical Instrument Assemblers
1026,"Opticians, Dispensing"
1027,Optometrists
1028,Oral and Maxillofacial Surgeons
1029,Order Clerks
1030,"Order Fillers, Wholesale and Retail Sales"
1031,Orderlies
1032,Ordinary Seamen and Marine Oilers
1033,Orthodontists
1034,Orthoptists
1035,Orthotists and Prosthetists
1036,Outdoor Power Equipment and Other Small Engine Mechanics
1037,Packaging and Filling Machine Operators and Tenders
1038,"Packers and Packagers, Hand"
1039,Painters and Illustrators
1040,"Painters, Construction and Maintenance"
1041,"Painters, Transportation Equipment"
1042,"Painting, Coating, and Decorating Workers"
1043,Pantograph Engravers
1044,"Paper Goods Machine Setters, Operators, and Tenders"
1045,Paperhangers
1046,Paralegals and Legal Assistants
1047,Park Naturalists
1048,Parking Enforcement Workers
1049,Parking Lot Attendants
1050,Parts Salespersons
1051,Paste-Up Workers
1052,Pathologists
1053,Patient Representatives
1054,"Patternmakers, Metal and Plastic"
1055,"Patternmakers, Wood"
1056,"Paving, Surfacing, and Tamping Equipment Operators"
1057,Payroll and Timekeeping Clerks
1058,"Pediatricians, General"
1059,Percussion Instrument Repairers and Tuners
1060,Personal and Home Care Aides
1061,"Personal Care and Service Workers, All Other"
1062,Personal Financial Advisors
1063,Personnel Recruiters
1064,Pest Control Workers
1065,"Pesticide Handlers, Sprayers, and Applicators, Vegetation"
1066,Petroleum Engineers
1067,Petroleum Pump System Operators
1068,"Petroleum Pump System Operators, Refinery Operators, and Gaugers"
1069,Petroleum Refinery and Control Panel Operators
1070,Pewter Casters and Finishers
1071,Pharmacists
1072,Pharmacy Aides
1073,Pharmacy Technicians
1074,"Philosophy and Religion Teachers, Postsecondary"
1075,Phlebotomists
1076,Photoengravers
1077,Photoengraving and Lithographing Machine Operators and Tenders
1078,Photographers
1079,"Photographers, Scientific"
1080,Photographic Hand Developers
1081,Photographic Process Workers
1082,Photographic Process Workers and Processing Machine Operators
1083,Photographic Processing Machine Operators
1084,Photographic Reproduction Technicians
1085,Photographic Retouchers and Restorers
1086,Photonics Engineers
1087,Photonics Technicians
1088,Physical Medicine and Rehabilitation Physicians
1089,"Physical Scientists, All Other"
1090,Physical Therapist Aides
1091,Physical Therapist Assistants
1092,Physical Therapists
1093,Physician Assistants
1094,"Physicians and Surgeons, All Other"
1095,Physicists
1096,"Physics Teachers, Postsecondary"
1097,Pile-Driver Operators
1098,"Pilots, Ship"
1099,Pipe Fitters
1100,Pipelayers
1101,Pipelaying Fitters
1102,"Plant and System Operators, All Other"
1103,Plant Scientists
1104,Plasterers and Stucco Masons
1105,Plastic Molding and Casting Machine Operators and Tenders
1106,Plastic Molding and Casting Machine Setters and Set-Up Operators
1107,Plate Finishers
1108,Click here for Careers that match your Personality 
1109,Platemakers
1110,"Plating and Coating Machine Setters, Operators, and Tenders, Metal and Plastic"
1111,Plumbers
1112,"Plumbers, Pipefitters, and Steamfitters"
1113,Podiatrists
1114,Poets and Lyricists
1115,"Poets, Lyricists and Creative Writers"
1116,Police and Sheriffs Patrol Officers
1117,Police Detectives
1118,Police Identification and Records Officers
1119,Police Patrol Officers
1120,"Police, Fire, and Ambulance Dispatchers"
1121,"Political Science Teachers, Postsecondary"
1122,Political Scientists
1123,Postal Service Clerks
1124,Postal Service Mail Carriers
1125,"Postal Service Mail Sorters, Processors, and Processing Machine Operators"
1126,Postmasters and Mail Superintendents
1127,"Postsecondary Teachers, All Other"
1128,Potters
1129,"Pourers and Casters, Metal"
1130,Power Distributors and Dispatchers
1131,"Power Generating Plant Operators, Except Auxiliary Equipment Operators"
1132,Power Plant Operators
1133,Precious Metal Workers
1134,Precision Agriculture Technicians
1135,Precision Devices Inspectors and Testers
1136,Precision Dyers
1137,"Precision Etchers and Engravers, Hand or Machine"
1138,"Precision Instrument and Equipment Repairers, All Other"
1139,Precision Lens Grinders and Polishers
1140,"Precision Mold and Pattern Casters, except Nonferrous Metals"
1141,"Precision Pattern and Die Casters, Nonferrous Metals"
1142,Precision Printing Workers
1143,Prepress Technician
1144,Prepress Technicians and Workers
1145,"Preschool Teachers, Except Special Education"
1146,"Press and Press Brake Machine Setters and Set-Up Operators, Metal and Plastic"
1147,"Pressers, Delicate Fabrics"
1148,"Pressers, Hand"
1149,"Pressers, Textile, Garment, and Related Materials"
1150,"Pressing Machine Operators and Tenders- Textile, Garment, and Related Materials"
1151,Pressure Vessel Inspectors
1152,Preventive Medicine Physicians
1153,Print Binding and Finishing Workers
1154,Printing Machine Operators
1155,Printing Press Machine Operators and Tenders
1156,Printing Press Operators
1157,Private Detectives and Investigators
1158,Private Sector Executives
1159,Probation Officers and Correctional Treatment Specialists
1160,Procurement Clerks
1161,Producers
1162,Producers and Directors
1163,Product Safety Engineers
1164,Production Helpers
1165,"Production Inspectors, Testers, Graders, Sorters, Samplers, Weighers"
1166,Production Laborers
1167,"Production Workers, All Other"
1168,"Production, Planning, and Expediting Clerks"
1169,Professional Photographers
1170,Program Directors
1171,Proofreaders and Copy Markers
1172,"Property, Real Estate, and Community Association Managers"
1173,Prosthodontists
1174,"Protective Service Workers, All Other"
1175,Psychiatric Aides
1176,Psychiatric Technicians
1177,Psychiatrists
1178,"Psychologists, All Other"
1179,"Psychology Teachers, Postsecondary"
1180,Public Address System and Other Announcers
1181,Public Relations Managers
1182,Public Relations Specialists
1183,Public Transportation Inspectors
1184,"Pump Operators, Except Wellhead Pumpers"
1185,"Punching Machine Setters and Set-Up Operators, Metal and Plastic"
1186,"Purchasing Agents and Buyers, Farm Products"
1187,"Purchasing Agents, Except Wholesale, Retail, and Farm Products"
1188,Purchasing Managers
1189,Quality Control Analysts
1190,Quality Control Systems Managers
1191,Radar and Sonar Technicians
1192,Radiation Therapists
1193,Radio and Television Announcers
1194,Radio Frequency Identification Device Specialists
1195,Radio Mechanic
1196,Radio Mechanics
1197,Radio Operators
1198,Radiologic Technician
1199,Radiologic Technicians
1200,Radiologic Technologists
1201,Radiologic Technologists and Technicians
1202,Radiologists
1203,Rail Car Repairers
1204,"Rail Transportation Workers, All Other"
1205,"Rail Yard Engineers, Dinkey Operators, and Hostlers"
1206,"Railroad Brake, Signal, and Switch Operators"
1207,Railroad Conductors and Yardmasters
1208,Railroad Inspectors
1209,Click here for Careers that match your Personality 
1210,Railroad Yard Workers
1211,Rail-Track Laying and Maintenance Equipment Operators
1212,Range Managers
1213,Real Estate Brokers
1214,Real Estate Sales Agents
1215,Receptionists and Information Clerks
1216,"Recreation and Fitness Studies Teachers, Postsecondary"
1217,Recreation Workers
1218,Recreational Therapists
1219,Recreational Vehicle Service Technicians
1220,Recycling and Reclamation Workers
1221,Recycling Coordinators
1222,Reed or Wind Instrument Repairers and Tuners
1223,"Refractory Materials Repairers, Except Brickmasons"
1224,Refrigeration Mechanics
1225,Refuse and Recyclable Material Collectors
1226,Registered Nurses
1227,Registered Nurses
1228,Regulatory Affairs Managers
1229,Regulatory Affairs Specialists
1230,Rehabilitation Counselors
1231,Reinforcing Iron and Rebar Workers
1232,"Religious Workers, All Other"
1233,Remote Sensing Scientists and Technologists
1234,Remote Sensing Technicians
1235,Reporters and Correspondents
1236,Reservation and Transportation Ticket Agents
1237,Reservation and Transportation Ticket Agents and Travel Clerks
1238,Residential Advisors
1239,Respiratory Therapists
1240,Respiratory Therapy Technicians
1241,Retail Loss Prevention Specialists
1242,Retail Salespersons
1243,Riggers
1244,Risk Management Specialists
1245,Robotics Engineers
1246,Robotics Technicians
1247,"Rock Splitters, Quarry"
1248,"Rolling Machine Setters, Operators, and Tenders, Metal and Plastic"
1249,"Roof Bolters, Mining"
1250,Roofers
1251,"Rotary Drill Operators, Oil and Gas"
1252,Rough Carpenters
1253,"Roustabouts, Oil and Gas"
1254,Sailors and Marine Oilers
1255,"Sales Agents, Financial Services"
1256,"Sales Agents, Securities and Commodities"
1257,"Sales and Related Workers, All Other"
1258,Sales Engineers
1259,Sales Managers
1260,"Sales Representatives, Agricultural"
1261,"Sales Representatives, Chemical and Pharmaceutical"
1262,"Sales Representatives, Electrical--Electronic"
1263,"Sales Representatives, Instruments"
1264,"Sales Representatives, Mechanical Equipment and Supplies"
1265,"Sales Representatives, Medical"
1266,"Sales Representatives, Services, All Other"
1267,"Sales Representatives, Wholesale and Manufacturing, Except Technical and Scientific Products"
1268,"Sales Representatives, Wholesale and Manufacturing, Technical and Scientific Products"
1269,Sawing Machine Operators and Tenders
1270,Sawing Machine Setters and Set-Up Operators
1271,"Sawing Machine Setters, Operators, and Tenders, Wood"
1272,"Sawing Machine Tool Setters and Set-Up Operators, Metal and Plastic"
1273,Scanner Operators
1274,Screen Printing Machine Setters and Set-Up Operators
1275,Sculptors
1276,Search Marketing Strategists
1277,"Secondary School Teachers, Except Special and Vocational Education"
1278,"Secretaries, Except Legal, Medical, and Executive"
1279,Securities and Commodities Traders
1280,"Securities, Commodities, and Financial Services Sales Agents"
1281,Security and Fire Alarm Systems Installers
1282,Security Guards
1283,Security Management Specialists
1284,Security Managers
1285,Segmental Pavers
1286,Self-Enrichment Education Teachers
1287,Semiconductor Processors
1288,"Separating, Filtering, Clarifying, Precipitating, and Still Machine Setters, Operators, and Tenders"
1289,Septic Tank Servicers and Sewer Pipe Cleaners
1290,Service Station Attendants
1291,"Service Unit Operators, Oil, Gas, and Mining"
1292,Set and Exhibit Designers
1293,Set Designers
1294,"Sewers, Hand"
1295,Sewing Machine Operators
1296,"Sewing Machine Operators, Garment"
1297,"Sewing Machine Operators, Non-Garment"
1298,Shampooers
1299,"Shear and Slitter Machine Setters and Set-Up Operators, Metal and Plastic"
1300,Sheet Metal Workers
1301,Sheriffs and Deputy Sheriffs
1302,Ship and Boat Captains
1303,Ship Carpenters and Joiners
1304,Ship Engineers
1305,"Shipping, Receiving, and Traffic Clerks"
1306,Shoe and Leather Workers and Repairers
1307,Shoe Machine Operators and Tenders
1308,Shop and Alteration Tailors
1309,Shuttle Car Operators
1310,Click here for Careers that match your Personality 
1311,Signal and Track Switch Repairers
1312,Silversmiths
1313,Singers
1314,Sketch Artists
1315,Skin Care Specialists
1316,Slaughterers and Meat Packers
1317,Slot Key Persons
1318,Social and Community Service Managers
1319,Social and Human Service Assistants
1320,Social Science Research Assistants
1321,"Social Sciences Teachers, Postsecondary, All Other"
1322,"Social Scientists and Related Workers, All Other"
1323,"Social Work Teachers, Postsecondary"
1324,"Social Workers, All Other"
1325,Sociologists
1326,"Sociology Teachers, Postsecondary"
1327,"Software Developers, Applications"
1328,"Software Developers, Systems Software"
1329,Software Quality Assurance Engineers and Testers
1330,Soil and Plant Scientists
1331,Soil Conservationists
1332,Soil Scientists
1333,Solar Energy Installation Managers
1334,Solar Energy Systems Engineers
1335,Solar Photovoltaic Installers
1336,Solar Sales Representatives and Assessors
1337,Solar Thermal Installers and Technicians
1338,Solderers
1339,Solderers and Brazers
1340,Soldering and Brazing Machine Operators and Tenders
1341,Soldering and Brazing Machine Setters and Set-Up Operators
1342,Sound Engineering Technicians
1343,Spa Managers
1344,"Special Education Teacher, Secondary School"
1345,"Special Education Teachers, Kindergarten and Elementary School"
1346,"Special Education Teachers, Middle School"
1347,"Special Education Teachers, Middle School"
1348,"Special Education Teachers, Preschool"
1349,"Special Education Teachers, Preschool, Kindergarten, and Elementary School"
1350,"Special Education Teachers, Secondary School"
1351,Special Forces
1352,Special Forces Officers
1353,Speech-Language Pathologists
1354,Speech-Language Pathology Assistants
1355,Sports Medicine Physicians
1356,"Spotters, Dry Cleaning"
1357,Statement Clerks
1358,"Station Installers and Repairers, Telephone"
1359,Stationary Engineers
1360,Stationary Engineers and Boiler Operators
1361,Statistical Assistants
1362,Statisticians
1363,"Stevedores, Except Equipment Operators"
1364,Stock Clerks and Order Fillers
1365,"Stock Clerks- Stockroom, Warehouse, or Storage Yard"
1366,"Stock Clerks, Sales Floor"
1367,Stone Cutters and Carvers
1368,Stone Sawyers
1369,Stonemasons
1370,Storage and Distribution Managers
1371,Stringed Instrument Repairers and Tuners
1372,Strippers
1373,Structural Iron and Steel Workers
1374,Structural Metal Fabricators and Fitters
1375,Substance Abuse and Behavioral Disorder Counselors
1376,Subway and Streetcar Operators
1377,Supply Chain Managers
1378,Surgeons
1379,Surgical Assistants
1380,Surgical Technologists
1381,Survey Researchers
1382,Surveying and Mapping Technicians
1383,Surveying Technicians
1384,Surveyors
1385,Sustainability Specialists
1386,"Switchboard Operators, Including Answering Service"
1387,"Tailors, Dressmakers, and Custom Sewers"
1388,Talent Directors
1389,"Tank Car, Truck, and Ship Loaders"
1390,Tapers
1391,"Tax Examiners, Collectors, and Revenue Agents"
1392,Tax Preparers
1393,Taxi Drivers and Chauffeurs
1394,Teacher Assistants
1395,"Teachers and Instructors, All Other"
1396,Team Assemblers
1397,Technical Directors--Managers
1398,Technical Writers
1399,Telecommunications Engineering Specialists
1400,"Telecommunications Equipment Installers and Repairers, Except Line Installers"
1401,Telecommunications Facility Examiners
1402,Telecommunications Line Installers and Repairers
1403,Telemarketers
1404,Telephone Operators
1405,Tellers
1406,Terrazzo Workers and Finishers
1407,Textile Bleaching and Dyeing Machine Operators and Tenders
1408,"Textile Cutting Machine Setters, Operators, and Tenders"
1409,"Textile Knitting and Weaving Machine Setters, Operators, and Tenders"
1410,"Textile Winding, Twisting, and Drawing Out Machine Setters, Operators, and Tenders"
1411,Click here for Careers that match your Personality 
1412,"Textile, Apparel, and Furnishings Workers, All Other"
1413,"Therapists, All Other"
1414,Tile and Marble Setters
1415,"Timing Device Assemblers, Adjusters, and Calibrators"
1416,Tire Builders
1417,Tire Repairers and Changers
1418,Title Examiners and Abstractors
1419,"Title Examiners, Abstractors, and Searchers"
1420,Title Searchers
1421,Tool and Die Makers
1422,"Tool Grinders, Filers, and Sharpeners"
1423,Tour Guides and Escorts
1424,Tour Guides and Escorts
1425,Tractor-Trailer Truck Drivers
1426,Traffic Technicians
1427,Train Crew Members
1428,Training and Development Manager
1429,Training and Development Managers
1430,Training and Development Specialists
1431,Training and Development Specialists
1432,Transformer Repairers
1433,Transit and Railroad Police
1434,"Transportation Attendants, Except Flight Attendants"
1435,"Transportation Attendants, Except Flight Attendants and Baggage Porters"
1436,Transportation Engineers
1437,Transportation Inspectors
1438,Transportation Managers
1439,Transportation Planners
1440,Transportation Security Screeners
1441,"Transportation Vehicle, Equipment and Systems Inspectors, Except Aviation"
1442,"Transportation Workers, All Other"
1443,"Transportation, Storage, and Distribution Managers"
1444,Travel Agents
1445,Travel Clerks
1446,Travel Guide
1447,Travel Guides
1448,"Treasurers, Controllers, and Chief Financial Officers"
1449,Tree Trimmers and Pruners
1450,"Truck Drivers, Heavy"
1451,"Truck Drivers, Heavy and Tractor-Trailer"
1452,"Truck Drivers, Light or Delivery Services"
1453,Tutors
1454,Typesetting and Composing Machine Operators and Tenders
1455,"Umpires, Referees, and Other Sports Officials"
1456,Upholsterers
1457,Urban and Regional Planners
1458,Urologists
1459,"Ushers, Lobby Attendants, and Ticket Takers"
1460,Validation Engineers
1461,Valve and Regulator Repairers
1462,Veterinarians
1463,Veterinary Assistants and Laboratory Animal Caretakers
1464,Veterinary Technologists and Technicians
1465,Video Game Designers
1466,Vocational Education Teachers Postsecondary
1467,"Vocational Education Teachers, Middle School"
1468,"Vocational Education Teachers, Secondary School"
1469,Waiters and Waitresses
1470,Watch Repairers
1471,Water and Liquid Waste Treatment Plant and System Operators
1472,Water Resource Specialists
1473,Water/Wastewater Engineers
1474,Weatherization Installers and Technicians
1475,Web Administrators
1476,Web Developers
1477,"Weighers, Measurers, Checkers, and Samplers, Recordkeeping"
1478,Welder-Fitters
1479,Welders and Cutters
1480,"Welders, Cutters, and Welder Fitters"
1481,"Welders, Cutters, Solderers, and Brazers"
1482,"Welders, Production"
1483,Welding Machine Operators and Tenders
1484,Welding Machine Setters and Set-Up Operators
1485,"Welding, Soldering, and Brazing Machine Setters, Operators, and Tenders"
1486,Welfare Eligibility Workers and Interviewers
1487,Well and Core Drill Operators
1488,Wellhead Pumpers
1489,"Wholesale and Retail Buyers, Except Farm Products"
1490,Wind Energy Engineers
1491,Wind Energy Operations Managers
1492,Wind Energy Project Managers
1493,Wind Turbine Service Technicians
1494,"Woodworkers, All Other"
1495,"Woodworking Machine Operators and Tenders, Except Sawing"
1496,"Woodworking Machine Setters and Set-Up Operators, Except Sawing"
1497,"Woodworking Machine Setters, Operators, and Tenders, Except Sawing"
1498,Word Processors and Typists
1499,Writers and Authors
1500,Zoologists and Wildlife Biologists
